"","month","point_prediction","lower_ci_90","upper_ci_90"
"1",2023-07-01,1.00404084387005,0.43122113756797,1.57686055017214
"2",2023-08-01,0.986013324784237,0.389539539886505,1.58248710968197
"3",2023-09-01,0.968057764616685,0.359400056879416,1.57671547235395
"4",2023-10-01,0.993892864899446,0.376583900555199,1.61120182924369
"5",2023-11-01,0.925311481015031,0.301257661876364,1.5493653001537
"6",2023-12-01,0.90042352152074,0.270937303464847,1.52990973957663
"7",2024-01-01,0.875943660185553,0.242005907992783,1.50988141237832
"8",2024-02-01,0.891432681573847,0.253798796161829,1.52906656698586
"9",2024-03-01,0.852291431702506,0.21155211773513,1.49303074566988
"10",2024-04-01,0.875997240864162,0.232619358588834,1.51937512313949
"11",2024-05-01,0.881408262634653,0.235764054047631,1.52705247122167
"12",2024-06-01,0.890333239384701,0.242721828543198,1.5379446502262
"13",2024-07-01,0.901184049562972,0.251847522797109,1.55052057632883
"14",2024-08-01,0.919094715967881,0.268230295117887,1.56995913681788
"15",2024-09-01,0.892042598348762,0.23981194858489,1.54427324811263
"16",2024-10-01,0.876648834063902,0.223185242668292,1.53011242545951
"17",2024-11-01,0.839122986782293,0.184536943138057,1.49370903042653
"18",2024-12-01,0.801839998359927,0.146223562396081,1.45745643432377
"19",2025-01-01,0.835523916106506,0.178954161295891,1.49209367091712
"20",2025-02-01,0.845288159889254,0.187829904229503,1.50274641554901
"21",2025-03-01,0.845452060812821,0.18716004634795,1.50374407527769
"22",2025-04-01,0.87642308156618,0.217343724124333,1.53550243900803
"23",2025-05-01,0.862923075643506,0.2030958776128,1.52275027367421
"24",2025-06-01,0.902104243500686,0.241562940885691,1.56264554611568
"25",2025-07-01,0.916591838372008,0.255365337123569,1.57781833962045
"26",2025-08-01,0.964830681845397,0.302943826145047,1.62671753754575
"27",2025-09-01,0.928533160996126,0.266007366796668,1.59105895519559
"28",2025-10-01,0.925487048889535,0.262340828830307,1.58863326894876
"29",2025-11-01,0.903985736971347,0.240235137258725,1.56773633668397
"30",2025-12-01,0.875089367197077,0.210748332766347,1.53943040162781
"31",2026-01-01,0.897774305882122,0.232941396940692,1.56260721482355
"32",2026-02-01,0.884494162752899,0.219093582586953,1.54989474291884
"33",2026-03-01,0.868716683445893,0.202757726906648,1.53467563998514
"34",2026-04-01,0.882255775864498,0.215746604261631,1.54876494746736
"35",2026-05-01,0.866791791989986,0.199739590418922,1.53384399356105
"36",2026-06-01,0.892060662827049,0.224471774322837,1.55964955133126
"37",2026-07-01,0.920893973450332,0.25277401366005,1.58901393324061
"38",2026-08-01,0.91095163470285,0.242305590121794,1.57959767928391
"39",2026-09-01,0.910964909026408,0.241797221321392,1.58013259673142
"40",2026-10-01,0.913831653981475,0.244146292501263,1.58351701546169
"41",2026-11-01,0.880457083921153,0.210257608148998,1.55065655969331
"42",2026-12-01,0.823367842007242,0.152657455427927,1.49407822858656
"43",2027-01-01,0.871888625170794,0.200670221792044,1.54310702854954
"44",2027-02-01,0.866137976100225,0.194414180676127,1.53786177152432
"45",2027-03-01,0.864005207404296,0.191778410248739,1.53623200455985
"46",2027-04-01,0.895695182730043,0.222967569875111,1.56842279558497
"47",2027-05-01,0.884916568713798,0.211690148056613,1.55814298937098
"48",2027-06-01,0.920800713621469,0.247077337609334,1.5945240896336
"49",2027-07-01,0.93925069066686,0.264335602975716,1.614165778358
"50",2027-08-01,0.942584457549928,0.266903896441456,1.6182650186584
"51",2027-09-01,0.937751143065482,0.26138174012087,1.6141205460101
"52",2027-10-01,0.966623592107063,0.289596775855358,1.64365040835877
"53",2027-11-01,0.903022911336073,0.225359046952476,1.58068677571967
"54",2027-12-01,0.879039851142724,0.200755230253332,1.55732447203212
"55",2028-01-01,0.857462010980252,0.178570523691717,1.53635349826879
"56",2028-02-01,0.876270865009495,0.196784565435604,1.55575716458339
"57",2028-03-01,0.840388028643924,0.160317441829311,1.52045861545854
"58",2028-04-01,0.870216510551666,0.189570857653633,1.5508621634497
"59",2028-05-01,0.885601161036,0.204388543431728,1.56681377864027
"60",2028-06-01,0.901215625464183,0.21944318003134,1.58298807089702
"61",2028-07-01,0.915287913413355,0.23296194475557,1.59761388207114
"62",2028-08-01,0.93640343886595,0.253529532361314,1.61927734537059
"63",2028-09-01,0.907431984454644,0.22401510315377,1.59084886575552
"64",2028-10-01,0.895325585251311,0.211370153100097,1.57928101740253
"65",2028-11-01,0.849168475442331,0.164678448884722,1.53365850199994
"66",2028-12-01,0.824857610624821,0.139836540303866,1.50987868094578
"67",2029-01-01,0.860432297478266,0.174883381478513,1.54598121347802
"68",2029-02-01,0.877001360741007,0.190927490588686,1.56307523089333
"69",2029-03-01,0.871292833883027,0.184696634332945,1.55788903343311
"70",2029-04-01,0.903230402737289,0.21611426621941,1.59034653925517
"71",2029-05-01,0.892086459772831,0.204452576241373,1.57972034330429
"72",2029-06-01,0.933385413216839,0.245235796035547,1.62153503039813
"73",2029-07-01,0.945501876261382,0.256838384666868,1.6341653678559
"74",2029-08-01,0.995884508108278,0.306708866715766,1.68506014950079
"75",2029-09-01,0.955693626420353,0.26600744217052,1.64537981067019
"76",2029-10-01,0.951060616269738,0.260865393159574,1.6412558393799
"77",2029-11-01,0.931130774487078,0.240427926380167,1.62183362259399
"78",2029-12-01,0.905456595500732,0.214247457271765,1.5966657337297
"79",2030-01-01,0.928338608902488,0.236710275292155,1.61996694251282
"80",2030-02-01,0.91518467625247,0.223052522842825,1.60731682966211
"81",2030-03-01,0.893674630217117,0.201039808252559,1.58630945218167
"82",2030-04-01,0.912811358414066,0.219674972050193,1.60594774477794
"83",2030-05-01,0.897344627290482,0.203707739174733,1.59098151540623
"84",2030-06-01,0.919768965963388,0.22563260209875,1.61390532982803
"85",2030-07-01,0.953241338962297,0.258606492947218,1.64787618497738
"86",2030-08-01,0.939845320602629,0.244712957328057,1.6349776838772
"87",2030-09-01,0.942629993995687,0.247001052869523,1.63825893512185
"88",2030-10-01,0.939650127562823,0.2435255253229,1.63577472980275
"89",2030-11-01,0.915603613178387,0.218984246347111,1.61222298000966
"90",2030-12-01,0.852111658644789,0.154998405671671,1.54922491161791
"91",2031-01-01,0.902365049035627,0.204758772167926,1.59997132590333
"92",2031-02-01,0.892463833244921,0.194365380161393,1.59056228632845
"93",2031-03-01,0.879491959306407,0.18090216454464,1.57808175406817
"94",2031-04-01,0.920932222592799,0.221851908796665,1.62001253638893
"95",2031-05-01,0.912277090403196,0.212707069413519,1.61184711139287
"96",2031-06-01,0.942240255869955,0.242181329678516,1.64229918206139
"97",2031-07-01,0.963370200590841,0.262673839643904,1.66406656153778
"98",2031-08-01,0.967601869743424,0.266399581237071,1.66880415824978
"99",2031-09-01,0.963400750484135,0.261698075087767,1.6651034258805
"100",2031-10-01,0.992212682793931,0.290012355554699,1.69441301003316
"101",2031-11-01,0.928757124338432,0.226061174958891,1.63145307371797
"102",2031-12-01,0.904628418589001,0.201438617019596,1.60781822015841
"103",2032-01-01,0.883092396190186,0.17941035845085,1.58677443392952
"104",2032-02-01,0.902000542208482,0.197827764775524,1.60617331964144
"105",2032-03-01,0.866233091465345,0.161570969370728,1.57089521355996
"106",2032-04-01,0.896423830773241,0.191273670927995,1.60157399061849
"107",2032-05-01,0.912494020401674,0.206857052691779,1.61813098811157
"108",2032-06-01,0.928545935320264,0.222423322161795,1.63466854847873
"109",2032-07-01,0.942791144180161,0.236183988816915,1.64939829954341
"110",2032-08-01,0.964088919267238,0.256998272992258,1.67117956554222
"111",2032-09-01,0.934900135504214,0.227327003949309,1.64247326705912
"112",2032-10-01,0.923000002089377,0.214945350704872,1.63105465347388
"113",2032-11-01,0.876105210724787,0.167569969555017,1.58464045189456
"114",2032-12-01,0.852786702591097,0.143771770437118,1.56180163474508
"115",2033-01-01,0.888474924990138,0.178981173039081,1.5979686769412
"116",2033-02-01,0.905554368160508,0.195582643150605,1.61552609317041
"117",2033-03-01,0.89934877162483,0.188899898606109,1.60979764464355
"118",2033-04-01,0.931338592575942,0.22041337731877,1.64226380783311
"119",2033-05-01,0.920360927760624,0.208960158857501,1.63176169666375
"120",2033-06-01,0.961809897055425,0.249934347755528,1.67368544635532
"121",2033-07-01,0.973720586038963,0.261371015849821,1.68607015622811
"122",2033-08-01,1.02425980962525,0.311436965711495,1.737082653539
"123",2033-09-01,0.983745618829159,0.270450237234429,1.69704100042389
"124",2033-10-01,0.978974944006625,0.265207750721276,1.69274213729197
"125",2033-11-01,0.959160856970371,0.244922568864847,1.67339914507589
"126",2033-12-01,0.9337353726013,0.219026698242334,1.64844404696027
"127",2034-01-01,0.956625758143431,0.241532646540349,1.67171886974651
"128",2034-02-01,0.943475474246826,0.227913371379823,1.65903757711383
"129",2034-03-01,0.921502389938126,0.20547198340234,1.63753279647391
"130",2034-04-01,0.94108088209661,0.224582853549498,1.65757891064372
"131",2034-05-01,0.925609653493131,0.20864467907502,1.64257462791124
"132",2034-06-01,0.947803276639909,0.23037202734303,1.66523452593679
"133",2034-07-01,0.981642559678734,0.263745701671321,1.69953941768615
"134",2034-08-01,0.967968105388625,0.249606300299799,1.68632991047745
"135",2034-09-01,0.970971433063561,0.252145338234022,1.6897975278931
"136",2034-10-01,0.967522863177927,0.248233131880797,1.68681259447506
"137",2034-11-01,0.944218781093642,0.224466062729262,1.66397149945802
"138",2034-12-01,0.880214264818648,0.15999920508665,1.60042932455065
"139",2035-01-01,0.93060446017451,0.209927701226047,1.65128121912297
"140",2035-02-01,0.920370785693517,0.199232966266172,1.64150860512086
"141",2035-03-01,0.906532902230184,0.184934657767756,1.62813114669261
"142",2035-04-01,0.948750223655574,0.226692186414657,1.67080826089649
"143",2035-05-01,0.940263691838098,0.217746490983124,1.66278089269307
"144",2035-06-01,0.969753657705135,0.246777919393333,1.69272939601694
"145",2035-07-01,0.991096807397487,0.267547057598733,1.71464655719624
"146",2035-08-01,0.995399563246335,0.271391142281231,1.71940798421144
"147",2035-09-01,0.991248399706828,0.26678227496341,1.71571452445024
"148",2035-10-01,1.02005507496069,0.295132005859044,1.74497814406233
"149",2035-11-01,0.956610722605926,0.231231414528718,1.68199003068313
"150",2035-12-01,0.932470068526672,0.206635205599356,1.65830493145399
"151",2036-01-01,0.910937097762653,0.184647350642139,1.63722684488317
"152",2036-02-01,0.929852917681516,0.203108946085015,1.65659688927802
"153",2036-03-01,0.894094456572241,0.166896910609654,1.62129200253483
"154",2036-04-01,0.924313912162688,0.196663433320921,1.65196439100445
"155",2036-05-01,0.94043863835625,0.212335860322572,1.66854141638993
"156",2036-06-01,0.956525314653879,0.227970864028193,1.68507976527957
"157",2036-07-01,0.970784195144206,0.241778692060437,1.69978969822797
"158",2036-08-01,0.992096402274359,0.26264046094383,1.72155234360489
"159",2036-09-01,0.962890180203215,0.232984409390227,1.6927959510162
"160",2036-10-01,0.951006421421655,0.220651424860007,1.6813614179833
"161",2036-11-01,0.904052693220464,0.173249069978462,1.63485631646247
"162",2036-12-01,0.880813305737187,0.149561650537716,1.61206496093666
"163",2037-01-01,0.916510531520204,0.18481143502162,1.64820962801879
"164",2037-02-01,0.933630651328525,0.201484700371348,1.6657766022857
"165",2037-03-01,0.927385348343072,0.19479312616685,1.65997757051929
"166",2037-04-01,0.959379301324891,0.226341387759036,1.69241721489075
"167",2037-05-01,0.948414871971846,0.214931843603756,1.68189790033994
"168",2037-06-01,0.98987578321953,0.255948213542888,1.72380335289617
"169",2037-07-01,1.00177002756361,0.267398487109387,1.73614156801784
"170",2037-08-01,1.05232172459593,0.31750678104826,1.78713666814359
"171",2037-09-01,1.01178171638115,0.276523934680078,1.74703949808222
"172",2037-10-01,1.00700004001976,0.271299982452413,1.74270009758712
"173",2037-11-01,0.987195175114892,0.251053401396607,1.72333694883318
"174",2037-12-01,0.96178952263234,0.225206589979056,1.69837245528562
"175",2038-01-01,0.984680565166238,0.24774169509745,1.72161943523503
"176",2038-02-01,0.971530562760254,0.234151640942131,1.70890948457838
"177",2038-03-01,0.94952052193901,0.211702098451379,1.68733894542664
"178",2038-04-01,0.969134257222418,0.230876879867466,1.70739163457737
"179",2038-05-01,0.953662663307198,0.214966877651983,1.69235844896241
"180",2038-06-01,0.975837870919617,0.23670422033465,1.71497152150459
"181",2038-07-01,1.00970642658512,0.270135452279521,1.74927740089073
"182",2038-08-01,0.996009750251101,0.256001991304726,1.73601750919748
"183",2038-09-01,0.999030521669675,0.258586515062647,1.7394745282767
"184",2038-10-01,0.995544548386689,0.254664829026577,1.7364242677468
"185",2038-11-01,0.972299705728756,0.230984806475743,1.71361460498177
"186",2038-12-01,0.908254287166183,0.166504738856455,1.65000383547591
"187",2039-01-01,0.958655396676705,0.216471728144269,1.70083906520914
"188",2039-02-01,0.948395191797916,0.205777929895043,1.69101245370079
"189",2039-03-01,0.934488203562834,0.191437873179288,1.67753853394638
"190",2039-04-01,0.976767528783448,0.233284652864646,1.72025040470225
"191",2039-05-01,0.968294449141797,0.224379548706023,1.71220934957757
"192",2039-06-01,0.99774665500536,0.25340024916015,1.74209306085057
"193",2039-07-01,1.01910681639206,0.274215234907129,1.76399839787699
"194",2039-08-01,1.02341524374961,0.278093086001544,1.76873740149768
"195",2039-09-01,1.0192680656824,0.273515871350966,1.76502026001383
"196",2039-10-01,1.04807432080615,0.301892612335493,1.79425602927682
"197",2039-11-01,0.984630862078155,0.238020156225926,1.73124156793038
"198",2039-12-01,0.960489254092317,0.213450064397328,1.70752844378731
"199",2040-01-01,0.938956526404025,0.191489363779501,1.68642368902855
"200",2040-02-01,0.957872958286005,0.209978331218276,1.70576758535374
"201",2040-03-01,0.922115214176055,0.17379362883347,1.67043679951864
"202",2040-04-01,0.95233696089247,0.203588921208195,1.70108500057675
"203",2040-05-01,0.968466038574065,0.219292046316781,1.71764003083135
"204",2040-06-01,0.984555488433106,0.234956043269349,1.73415493359686
"205",2040-07-01,0.998815459658884,0.248791059208536,1.74883986010923
"206",2040-08-01,1.02012881822562,0.269679958111498,1.77057767833975
"207",2040-09-01,0.990921204521867,0.240048378414176,1.74179403062956
"208",2040-10-01,0.979038752225058,0.227742451881388,1.73033505256873
"209",2040-11-01,0.932080321056381,0.180361036357752,1.68379960575501
"210",2040-12-01,0.908847246897689,0.15670546588119,1.66098902791419
"211",2041-01-01,0.944545191019985,0.191981399908409,1.69710898213156
"212",2041-02-01,0.961668556541198,0.208683239770049,1.71465387331235
"213",2041-03-01,0.955420085120636,0.202013725362845,1.70882644487843
"214",2041-04-01,0.987414367760983,0.233587445949603,1.74124128957236
"215",2041-05-01,0.976450994480655,0.222203989829793,1.73069799913152
"216",2041-06-01,1.01791285859188,0.263246248616081,1.77257946856768
"217",2041-07-01,1.02980579070074,0.274720051233011,1.78489153016847
"218",2041-08-01,1.0803584830172,0.324854088225836,1.83586287780856
"219",2041-09-01,1.03981641467647,0.283893837080839,1.7957389922721
"220",2041-10-01,1.03503386042384,0.278693570909221,1.79137414993846
"221",2041-11-01,1.01522973137585,0.258472199207478,1.77198726354421
"222",2041-12-01,0.989825661356876,0.232651354193271,1.74699996852048
"223",2042-01-01,1.0127167562987,0.255210225483802,1.7702232871136
"224",2042-02-01,0.999566776339687,0.241644401076555,1.75748915160282
"225",2042-03-01,0.977553786565953,0.219216029766817,1.73589154336509
"226",2042-04-01,0.997170334058544,0.2384176570765,1.75592301104059
"227",2042-05-01,0.981698710983643,0.222531573623437,1.74086584834385
"228",2042-06-01,1.00387244912259,0.244291309651046,1.76345358859414
"229",2042-07-01,1.03774334058591,0.277748655742028,1.79773802542979
"230",2042-08-01,1.02404489104052,0.263637116045342,1.7844526660357
"231",2042-09-01,1.02706705437457,0.266246642940722,1.78788746580841
"232",2042-10-01,1.02357809648775,0.262345500828818,1.78481069214669
"233",2042-11-01,1.00033798082734,0.238693651666978,1.7619823099877
"234",2042-12-01,0.936289298468644,0.174233685049559,1.69834491188773
"235",2043-01-01,0.986691278869347,0.224224828962059,1.74915772877664
"236",2043-02-01,0.97642895699828,0.213552116909754,1.73930579708681
"237",2043-03-01,0.962516454555014,0.199229669137137,1.72580323997289
"238",2043-04-01,1.00480072735769,0.241104440015619,1.76849701469976
"239",2043-05-01,0.99632872112864,0.23222337382902,1.76043406842826
"240",2043-06-01,1.02577791393629,0.261263947215376,1.79029188065721
"241",2043-07-01,1.04713943276733,0.282102717895451,1.81217614763921
"242",2043-08-01,1.05144831268087,0.286003847384138,1.81689277797759
"243",2043-09-01,1.04730145263275,0.281449675183315,1.81315323008219
"244",2043-10-01,1.07610767423131,0.309849020340146,1.84236632812248
"245",2043-11-01,1.01266428680929,0.24599919050542,1.77932938311317
"246",2043-12-01,0.988522602705872,0.221451496529386,1.75559370888236
"247",2044-01-01,0.966989894413129,0.199513209466525,1.73446657935973
"248",2044-02-01,0.985906375126057,0.218024541095708,1.75378820915641
"249",2044-03-01,0.950148688228476,0.181862133399274,1.71843524305768
"250",2044-04-01,0.98037061776454,0.211679769032527,1.74906146649655
"251",2044-05-01,0.996500042672144,0.227405325556177,1.76559475978811
"252",2044-06-01,1.01258971384681,0.243091552499552,1.78208787519406
"253",2044-07-01,1.02684977210738,0.256948589325751,1.79675095488901
"254",2044-08-01,1.04816322255259,0.277859439787679,1.81846700531751
"255",2044-09-01,1.01895549780349,0.248249535170076,1.7896614604369
"256",2044-10-01,1.00707314975726,0.235965426042962,1.77818087347155
"257",2044-11-01,0.960114343315775,0.188605275989823,1.73162341064173
"258",2044-12-01,0.936881772927797,0.164971778149519,1.70879176770608
"259",2045-01-01,0.97257977436975,0.200269266996798,1.7448902817427
"260",2045-02-01,0.989703398882062,0.216992792478392,1.76241400528573
"261",2045-03-01,0.983454674636563,0.210344381480193,1.75656496779293
"262",2045-04-01,1.01544898358188,0.241939414672468,1.7889585524913
"263",2045-05-01,1.00448569457066,0.23057725963688,1.77839412950443
"264",2045-06-01,1.04594763471543,0.271640742222243,1.82025452720862
"265",2045-07-01,1.0578404621146,0.283135519270318,1.83254540495889
"266",2045-08-01,1.10839323384957,0.333290646612823,1.88349582108633
"267",2045-09-01,1.06785100112134,0.292351174207925,1.84335082803475
"268",2045-10-01,1.06306837681746,0.287171713707088,1.83896503992783
"269",2045-11-01,1.04326430648703,0.266971209429939,1.81955740354413
"270",2045-12-01,1.0178603627405,0.241171232763997,1.794549492717
"271",2046-01-01,1.04075146186418,0.263750202440234,1.81775272128812
"272",2046-02-01,1.0276014836963,0.250204989764537,1.80499797762806
"273",2046-03-01,1.00558825861129,0.227796927568658,1.78337958965392
"274",2046-04-01,1.0252050305037,0.247019258549575,1.80339080245783
"275",2046-05-01,1.009733405102,0.231153587244324,1.78831322295967
"276",2046-06-01,1.0319070259845,0.252933556045923,1.81088049592308
"277",2046-07-01,1.06577810383247,0.28641137445633,1.8451448332086
"278",2046-08-01,1.05207951279391,0.272319915450266,1.83183911013756
"279",2046-09-01,1.05510178719565,0.274949712187156,1.83525386220415
"280",2046-10-01,1.05161259115278,0.27106842762058,1.83215675468499
"281",2046-11-01,1.02837285268248,0.247436988612017,1.80930871675294
"282",2046-12-01,0.964323909889617,0.182996732116424,1.74565108766281
"283",2047-01-01,1.01472595978288,0.233007853998268,1.79644406556749
"284",2047-02-01,1.0044634689867,0.222354819743464,1.78657211822994
"285",2047-03-01,0.990550526537952,0.208051717255977,1.77304933581993
"286",2047-04-01,1.03283519413225,0.249946607104113,1.81572378116039
"287",2047-05-01,1.02436327355601,0.241085289952511,1.8076412571595
"288",2047-06-01,1.05381222593728,0.270145225812966,1.83747922606159
"289",2047-07-01,1.0751738530854,0.291003096013553,1.85934461015724
"290",2047-08-01,1.07948276911057,0.294923751705916,1.86404178651523
"291",2047-09-01,1.07533593443875,0.290389033589929,1.86028283528756
"292",2047-10-01,1.10414215336217,0.318807744774898,1.88947656194944
"293",2047-11-01,1.04069877163,0.254977229898551,1.82642031336144
"294",2047-12-01,1.01655708145278,0.230448780079368,1.8026653828262
"295",2048-01-01,0.995024374707704,0.208529686111015,1.78151906330439
"296",2048-02-01,1.01394085931709,0.227060154838573,1.80082156379561
"297",2048-03-01,0.978183176984762,0.190916826894319,1.76544952707521
"298",2048-04-01,1.00840512110889,0.220753494610418,1.79605674760737
"299",2048-05-01,1.02453457372335,0.236498038960146,1.81257110848655
"300",2048-06-01,1.04062426255786,0.252203186617991,1.82904533849773
"301",2048-07-01,1.05488432776336,0.266079076684922,1.84368957884181
"302",2048-08-01,1.07619778554001,0.287008724316314,1.8653868467637
"303",2048-09-01,1.04699005193005,0.257417544514809,1.83656255934529
"304",2048-10-01,1.03510771220248,0.245152121514853,1.82506330289011
"305",2048-11-01,0.988148875816157,0.197810563745796,1.77848718788652
"306",2048-12-01,0.964916345626493,0.174195673038528,1.75563701821446
"307",2049-01-01,1.00061435164226,0.209511678382219,1.7917170249023
"308",2049-02-01,1.01773799682073,0.226253681719433,1.80922231192203
"309",2049-03-01,1.0114892524011,0.219623653279491,1.80335485152271
"310",2049-04-01,1.04348356344542,0.251237037119373,1.83573008977147
"311",2049-05-01,1.03252028115844,0.239893183443506,1.82514737887337
"312",2049-06-01,1.0739822273703,0.280974913086443,1.86698954165415
"313",2049-07-01,1.08587504641418,0.292487869390445,1.87926222343791
"314",2049-08-01,1.13642782448634,0.342661137565498,1.93019451140717
"315",2049-09-01,1.09588557864082,0.301739733683987,1.89003142359766
"316",2049-10-01,1.09110294874721,0.296578296638405,1.88562760085602
"317",2049-11-01,1.07129888310214,0.276395773752836,1.86620199245145
"318",2049-12-01,1.0458949494315,0.250613731785127,1.84117616707787
"319",2050-01-01,1.06878604888887,0.273209992813807,1.86436210496394
"320",2050-02-01,1.05563607086391,0.25968260149241,1.85158954023542
"321",2050-03-01,1.03362282700228,0.237292290400383,1.82995336360417
"322",2050-04-01,1.05323961680064,0.25653235808409,1.8499468755172
"323",2050-05-01,1.03776799121327,0.240684354551811,1.83485162787473
"324",2050-06-01,1.05994160273931,0.262481931361067,1.85740127411756
"325",2050-07-01,1.09381269545981,0.295977331655544,1.89164805926409
"326",2050-08-01,1.08011409313083,0.281903378258223,1.87832480800345
"327",2050-09-01,1.08313637639521,0.284550650883093,1.88172210190732
"328",2050-10-01,1.07964716134871,0.280686764701297,1.87860755799612
"329",2050-11-01,1.05640745297623,0.257072723777281,1.85574218217518
"330",2050-12-01,0.992358489402064,0.192649765319035,1.79206721348509
"331",2051-01-01,1.04276054484047,0.242678162628664,1.84284292705228
"332",2051-02-01,1.03249804056494,0.232042336071589,1.83295374505829
"333",2051-03-01,1.01858506300602,0.217756371174375,1.81941375483766
"334",2051-04-01,1.06086976210266,0.259668416976047,1.86207110722927
"335",2051-05-01,1.05239784836107,0.250824183086896,1.85397151363524
"336",2051-06-01,1.08184678155755,0.279901128391321,1.88379243472378
"337",2051-07-01,1.10320841734881,0.300775424245097,1.90564141045253
"338",2051-08-01,1.10751733625551,0.304713017065541,1.91032165544548
"339",2051-09-01,1.10337050360858,0.300195187947345,1.90654581926982
"340",2051-10-01,1.13217672231854,0.328630738918128,1.93572270571896
"341",2051-11-01,1.06873334104039,0.264817017758921,1.87264966432187
"342",2051-12-01,1.04459165037852,0.240305314205075,1.84887798655197
"343",2052-01-01,1.02305894375694,0.218402920815639,1.82771496669824
"344",2052-02-01,1.04197542867724,0.23695004423114,1.84700081312334
"345",2052-03-01,1.0062177467092,0.200823325164091,1.8116121682543
"346",2052-04-01,1.03643969199738,0.230676556905607,1.84220282708916
"347",2052-05-01,1.0525691468227,0.246437620886892,1.85870067275851
"348",2052-06-01,1.06865883706638,0.262159242143199,1.87515843198955
"349",2052-07-01,1.08291890282605,0.276051559929913,1.88978624572219
"350",2052-08-01,1.1042323611877,0.296997590494433,1.91146713188097
"351",2052-09-01,1.0750246268707,0.267422747721207,1.88262650602019
"352",2052-10-01,1.06314228780691,0.25517361871083,1.871110956903
"353",2052-11-01,1.01618344903115,0.207848307670423,1.82451859039187
"354",2052-12-01,0.992950922049101,0.18424962528161,1.80165221881659
"355",2053-01-01,1.02864892842983,0.219581792292924,1.83771606456674
"356",2053-02-01,1.04577257525736,0.236339914971402,1.85520523554332
"357",2053-03-01,1.03952382922794,0.229725959199847,1.84932169925602
"358",2053-04-01,1.07151814043975,0.26135537426648,1.88168090661301
"359",2053-05-01,1.06055485868932,0.250027509161348,1.87108220821729
"360",2053-06-01,1.1020168053853,0.291125184490066,1.91290842628054
"361",2053-07-01,1.11390962376247,0.302654042687822,1.92516520483713
"362",2053-08-01,1.16446240234031,0.352843171477907,1.97608163320271
"363",2053-09-01,1.1239201554481,0.31193758439683,1.93590272649938
"364",2053-10-01,1.11913752510846,0.306791922677776,1.93148312753915
"365",2053-11-01,1.09933345983726,0.286625134050551,1.91204178562397
"366",2053-12-01,1.07392952697062,0.260858785068543,1.8870002688727
"367",2054-01-01,1.09682062645462,0.283470114865336,1.91017113804391
"368",2054-02-01,1.08367064844107,0.269958332882739,1.8973829639994
"369",2054-03-01,1.06165740308115,0.247583588466013,1.87573121769629
"370",2054-04-01,1.08127419430832,0.266839184779003,1.89570920383764
"371",2054-05-01,1.06580256870613,0.251006667638876,1.88059846977339
"372",2054-06-01,1.08797617948558,0.272819689493472,1.90313266947769
"373",2054-07-01,1.12184727339283,0.30633049632899,1.93736405045667
"374",2054-08-01,1.10814867016293,0.292271907123683,1.92402543320218
"375",2054-09-01,1.1111709541345,0.29493450546253,1.92740740280647
"376",2054-10-01,1.10768173757161,0.291085902859117,1.9242775722841
"377",2054-11-01,1.08444203160078,0.267487109692594,1.90139695350897
"378",2054-12-01,1.02039306636837,0.203079355365036,1.83770677737171
"379",2055-01-01,1.07079512224926,0.253122919510133,1.88846732498838
"380",2055-02-01,1.06053261689814,0.242502219044475,1.87856301475181
"381",2055-03-01,1.0466196365376,0.228231339455567,1.86500793361964
"382",2055-04-01,1.08890433814797,0.270158436991695,1.90765023930425
"383",2055-05-01,1.08043242495175,0.261329214146337,1.89953563575716
"384",2055-06-01,1.10988135661739,0.29042112986191,1.92934158337286
"385",2055-07-01,1.13124299309833,0.3113097953717,1.95117619082496
"386",2055-08-01,1.13555191223496,0.31526228378675,1.95584154068317
"387",2055-09-01,1.13140507974961,0.310759312119487,1.95205084737973
"388",2055-10-01,1.16021129844253,0.339209682455439,1.98121291442963
"389",2055-11-01,1.09676791720061,0.275410742970042,1.91812509143118
"390",2055-12-01,1.07262622650007,0.250913783431071,1.89433866956906
"391",2056-01-01,1.05109351988834,0.229026096680403,1.87316094309627
"392",2056-02-01,1.07001000483345,0.247587889483376,1.89243212018353
"393",2056-03-01,1.03425232289447,0.211475802699217,1.85702884308973
"394",2056-04-01,1.06447426827554,0.241343629835053,1.88760490671604
"395",2056-05-01,1.08060372327728,0.257119252497309,1.90408819405725
"396",2056-06-01,1.0966934136334,0.272855395728312,1.92053143153848
"397",2056-07-01,1.11095347943729,0.286762198932843,1.93514475994174
"398",2056-08-01,1.13226693784563,0.307722678581722,1.95681119710953
"399",2056-09-01,1.1030592034722,0.278162248605662,1.92795615833874
"400",2056-10-01,1.09117686446138,0.265927496468676,1.91642623245409
"401",2056-11-01,1.04421802549495,0.218616526174905,1.869819524815
"402",2056-12-01,1.02098549876886,0.19503214924538,1.84693884829233
"403",2057-01-01,1.05668350517871,0.230378585903473,1.88298842445395
"404",2057-02-01,1.07380715213782,0.247150942892928,1.90046336138272
"405",2057-03-01,1.06755840597995,0.240551185880603,1.89456562607929
"406",2057-04-01,1.09955271720512,0.272194764702281,1.92691066970797
"407",2057-05-01,1.08858943549751,0.2608810283805,1.91629784261453
"408",2057-06-01,1.13005138223212,0.301992797631261,1.95810996683299
"409",2057-07-01,1.1419442005561,0.313535714945293,1.9703526861669
"410",2057-08-01,1.19249697917428,0.363738868373633,2.02125508997493
"411",2057-09-01,1.15195473219855,0.322847271376911,1.9810621930202
"412",2057-10-01,1.14717210182332,0.317715565500847,1.9766286381458
"413",2057-11-01,1.12736803658196,0.297562698632663,1.95717337453125
"414",2057-12-01,1.10196410377947,0.271810237433774,1.93211797012517
"415",2058-01-01,1.1248552032656,0.294434839014524,1.95527556751667
"416",2058-02-01,1.11170522525295,0.280936877145513,1.94247357336039
"417",2058-03-01,1.08969197977348,0.258575919124298,1.92080804042266
"418",2058-04-01,1.10930877111466,0.277845268604737,1.94077227362459
"419",2058-05-01,1.09383714551129,0.262026471190456,1.92564781983212
"420",2058-06-01,1.11601075623116,0.283853179520541,1.94816833294178
"421",2058-07-01,1.14988185023311,0.317377639927548,1.98238606053867
"422",2058-08-01,1.13618324693132,0.303332671201808,1.96903382266084
"423",2058-09-01,1.13920553095932,0.306008857355393,1.97240220456325
"424",2058-10-01,1.13571631427543,0.302173809727586,1.96925881882327
"425",2058-11-01,1.11247660849624,0.278588539318317,1.94636467767417
"426",2058-12-01,1.04842764313152,0.214194275023038,1.88266101123999
"427",2059-01-01,1.09882969904771,0.264251297096274,1.93340810099914
"428",2059-02-01,1.08856719361076,0.253644022294387,1.92349036492714
"429",2059-03-01,1.07465421302667,0.239386536216098,1.90992188983725
"430",2059-04-01,1.11693891483762,0.28132699579866,1.95255083387659
"431",2059-05-01,1.10846700168492,0.272511103080748,1.94442290028909
"432",2059-06-01,1.1379159332284,0.301616317121865,1.97421554933494
"433",2059-07-01,1.15927756976438,0.322517685410705,1.99603745411805
"434",2059-08-01,1.16358648891935,0.326483409396858,2.00068956844185
"435",2059-09-01,1.15943965644689,0.321993642031137,1.99688567086265
"436",2059-10-01,1.18824587513846,0.350457185513688,2.02603456476324
"437",2059-11-01,1.12480249389943,0.286671388160838,1.96293359963802
"438",2059-12-01,1.1006608031958,0.262187539851769,1.93913406653983
"439",2060-01-01,1.07912809658486,0.240312933559162,1.91794325961055
"440",2060-02-01,1.09804458153195,0.258887776165961,1.93720138689794
"441",2060-03-01,1.06228689959529,0.222788708650164,1.90178509054042
"442",2060-04-01,1.09250884498377,0.252669524642622,1.93234816532493
"443",2060-05-01,1.10863829999959,0.268458105869652,1.94881849412952
"444",2060-06-01,1.12472799036468,0.284207177479485,1.96524880324987
"445",2060-07-01,1.1389880561721,0.2981268789936,1.9798492333506
"446",2060-08-01,1.16030151458416,0.319100227004853,2.00150280216347
"447",2060-09-01,1.13109378020623,0.289552635551305,1.97263492486116
"448",2060-10-01,1.11921144119964,0.277330692229063,1.96109219017022
"449",2060-11-01,1.07225260221799,0.230032501128617,1.91447270330737
"450",2060-12-01,1.04902007551233,0.20646087393998,1.89157927708467
"451",2061-01-01,1.0847180819245,0.241820030946071,1.92761613290294
"452",2061-02-01,1.10184172889411,0.258605079029589,1.94507837875864
"453",2061-03-01,1.09559298272599,0.25201798394054,1.93916798151144
"454",2061-04-01,1.12758729395223,0.283674195658246,1.97150039224622
"455",2061-05-01,1.11662401224804,0.272373063307154,1.96087496118892
"456",2061-06-01,1.15808595898573,0.313497407710866,2.0026745102606
"457",2061-07-01,1.16997877730546,0.325052871462812,2.0149046831481
"458",2061-08-01,1.22053155592686,0.375268542737934,2.06579456911579
"459",2061-09-01,1.17998930894447,0.334389435088044,2.0255891828009
"460",2061-10-01,1.1752066785664,0.329270190180524,2.02114316695228
"461",2061-11-01,1.15540261332741,0.309129756011378,2.00167547064345
"462",2061-12-01,1.12999868053005,0.283389699346351,1.97660766171374
"463",2062-01-01,1.15288978001634,0.306026095190796,1.99975346484189
"464",2062-02-01,1.13973980200377,0.292540481832965,1.98693912217457
"465",2062-03-01,1.11772655651476,0.270191844462476,1.96526126856704
"466",2062-04-01,1.13734334786504,0.289473486866018,1.98521320886406
"467",2062-05-01,1.12187172226157,0.273666954723418,1.97007648979972
"468",2062-06-01,1.14404533297669,0.29550590078178,1.9925847651716
"469",2062-07-01,1.1779164269862,0.329042571493571,2.02679028247882
"470",2062-08-01,1.16421782367867,0.315009785725926,2.01342586163142
"471",2062-09-01,1.16724010771117,0.317698127616319,2.01678208780602
"472",2062-10-01,1.16375089101762,0.313875208580975,2.01362657345427
"473",2062-11-01,1.14051118525373,0.290302039759739,1.99072033074772
"474",2062-12-01,1.07646221987844,0.225919850097557,1.92700458965933
"475",2063-01-01,1.12686427579745,0.275988919987947,1.97773963160696
"476",2063-02-01,1.11660177035366,0.265393666263478,1.96780987444385
"477",2063-03-01,1.10268878975173,0.251148174620287,1.95422940488318
"478",2063-04-01,1.14497349157869,0.293100602138685,1.99684638101869
"479",2063-05-01,1.13650157842946,0.284296650908693,1.98870650595022
"480",2063-06-01,1.16595050996319,0.313413780086343,2.01848723984004
"481",2063-07-01,1.18731214650356,0.334326473517701,2.04029781948942
"482",2063-08-01,1.19162106566,0.338304060265165,2.04493807105483
"483",2063-09-01,1.18747423318857,0.333826129610755,2.04112233676638
"484",2063-10-01,1.21628045188003,0.36230148384919,2.07025941991087
"485",2063-11-01,1.15283707064123,0.298527471393028,2.00714666988943
"486",2063-12-01,1.12869537993735,0.274055382214909,1.98333537765979
"487",2064-01-01,1.10716267332647,0.252192509382085,1.96213283727086
"488",2064-02-01,1.12607915827372,0.270779059870596,1.98137925667685
"489",2064-03-01,1.09032147633725,0.234691674751206,1.94595127792329
"490",2064-04-01,1.12054342172632,0.264584147747511,1.97650269570513
"491",2064-05-01,1.13667287674326,0.280384360677847,1.99296139280867
"492",2064-06-01,1.15276256710907,0.296145038780937,2.00938009543719
"493",2064-07-01,1.16702263291677,0.3100763216692,2.02396894416434
"494",2064-08-01,1.18833609132913,0.331061226026452,2.0456109566318
"495",2064-09-01,1.15912835695084,0.301525165980134,2.01673154792155
"496",2064-10-01,1.14724601794459,0.289314729217304,2.00517730667187
"497",2064-11-01,1.10028717896172,0.242028019915356,1.95854633800809
"498",2064-12-01,1.07705465225768,0.218467849857397,1.93564145465797
"499",2065-01-01,1.11275265867005,0.253838439410317,1.97166687792978
"500",2065-02-01,1.1298763056405,0.270634895546727,1.98911771573427
"501",2065-03-01,1.12362755947155,0.264059184101702,1.98319593484141
"502",2065-04-01,1.15562187069788,0.295726755144063,2.0155169862517
"503",2065-05-01,1.14465858899396,0.28443695788405,2.00488022010387
"504",2065-06-01,1.1861205357319,0.325572613231128,2.04666845823267
"505",2065-07-01,1.19801335405129,0.337139363863819,2.05888734423876
"506",2065-08-01,1.24856613267295,0.38736629804347,2.10976596730243
"507",2065-09-01,1.20802388569003,0.346498429405312,2.06954934197474
"508",2065-10-01,1.20324125531173,0.341390399702203,2.06509211092126
"509",2065-11-01,1.18343719007293,0.321261157014227,2.04561322313164
"510",2065-12-01,1.15803325727597,0.295532268190481,2.02053424636147
"511",2066-01-01,1.18092435676228,0.318179225982254,2.04366948754231
"512",2066-02-01,1.16777437874972,0.304704733434102,2.03084402406533
"513",2066-03-01,1.14576113325994,0.282367193480616,2.00915507303927
"514",2066-04-01,1.16537792461095,0.301659909992661,2.02909593922924
"515",2066-05-01,1.14990629900747,0.285864428729363,2.01394816928559
"516",2066-06-01,1.17207990972221,0.307714402519311,2.03644541692512
"517",2066-07-01,1.20595100373232,0.341262077897051,2.0706399295676
"518",2066-08-01,1.19225240042434,0.327240273808005,2.05726452704068
"519",2066-09-01,1.1952746844572,0.329939574471468,2.06060979444293
"520",2066-10-01,1.19178546776288,0.326127591381267,2.0574433441445
"521",2066-11-01,1.16854576200021,0.302565335759535,2.03452618824088
"522",2066-12-01,1.10449679662408,0.238194036625945,1.97079955662222
"523",2067-01-01,1.15489885254331,0.288273974455543,2.02152373063108
"524",2067-02-01,1.14463634709898,0.277689566157082,2.01158312804087
"525",2067-03-01,1.13072336649562,0.263454897504236,1.99799183548701
"526",2067-04-01,1.17300806832386,0.305418125658163,2.04059801098955
"527",2067-05-01,1.1645361551749,0.296624952782079,2.03244735756773
"528",2067-06-01,1.19398508670786,0.32575283810849,2.06221733530723
"529",2067-07-01,1.21534672324858,0.346675702250958,2.08401774424619
"530",2067-08-01,1.21965564240513,0.350664000968023,2.08864728384224
"531",2067-09-01,1.21550880993379,0.346196760306464,2.08482085956111
"532",2067-10-01,1.24431502862524,0.374682782636019,2.11394727461446
"533",2067-11-01,1.18087164738645,0.310919416444075,2.05082387832883
"534",2067-12-01,1.15672995668256,0.286457951777562,2.02700196158755
"535",2068-01-01,1.13519725007168,0.264605681777795,2.00578881836557
"536",2068-02-01,1.15411373501895,0.283202813494448,2.02502465654344
"537",2068-03-01,1.11835605308249,0.247125988071577,1.9895861180934
"538",2068-04-01,1.14857799847161,0.277028999305757,2.02012699763746
"539",2068-05-01,1.16470745348863,0.292839729087942,2.03657517788932
"540",2068-06-01,1.1807971438545,0.308610902729042,2.05298338497995
"541",2068-07-01,1.19505720966223,0.322552659913392,2.06756175941106
"542",2068-08-01,1.2163706680746,0.343548017396425,2.08919331875278
"543",2068-09-01,1.18716293369629,0.314022389376772,2.06030347801581
"544",2068-10-01,1.17528059469006,0.301822363612509,2.04873882576762
"545",2068-11-01,1.12832175570711,0.254546044351422,2.00209746706279
"546",2068-12-01,1.1050892290032,0.230996243447215,1.97918221455918
"547",2069-01-01,1.14078723541558,0.266377181336348,2.0151972894948
"548",2069-02-01,1.15791088238609,0.283183965061187,2.03263779971099
"549",2069-03-01,1.15166213621708,0.276618560525885,2.02670571190828
"550",2069-04-01,1.18365644744342,0.308296417868404,2.05901647701843
"551",2069-05-01,1.17269316573952,0.297016886367546,2.04836944511149
"552",2069-06-01,1.21415511247748,0.338162787001053,2.0901474379539
"553",2069-07-01,1.22604793079684,0.349739762515384,2.10235609907829
"554",2069-08-01,1.27660070941852,0.399976901239644,2.15322451759739
"555",2069-09-01,1.23605846243555,0.359119216876303,2.1129977079948
"556",2069-10-01,1.23127583205724,0.354021351245346,2.10853031286913
"557",2069-11-01,1.21147176681845,0.333902252493591,2.08904128114332
"558",2069-12-01,1.18606783402153,0.308183487536541,2.06395218050652
"559",2070-01-01,1.20895893350784,0.330839966727229,2.08707790028845
"560",2070-02-01,1.19580895549527,0.317375558104691,2.07424235288586
"561",2070-03-01,1.17379571000544,0.295048082204644,2.05254333780623
"562",2070-04-01,1.1934125013565,0.314350842963336,2.07247415974967
"563",2070-05-01,1.17794087575303,0.298565386204623,2.05731636530144
"564",2070-06-01,1.20011448646774,0.32042536482173,2.07980360811375
"565",2070-07-01,1.2339855804779,0.353983025413625,2.11398813554217
"566",2070-08-01,1.22028697716988,0.339971186989584,2.10060276735017
"567",2070-09-01,1.22330926120276,0.342680433832778,2.10393808857275
"568",2070-10-01,1.21982004450838,0.338878377500316,2.10076171151645
"569",2070-11-01,1.19658033874581,0.315326029277726,2.07783464821389
"570",2070-12-01,1.13253137336961,0.250964618247216,2.01409812849201
"571",2071-01-01,1.18293342928886,0.301054424946659,2.06481243363107
"572",2071-02-01,1.17267092384448,0.290479866346948,2.05486198134202
"573",2071-03-01,1.15875794324102,0.276255028283759,2.04126085819828
"574",2071-04-01,1.20104264506935,0.318228067980263,2.08385722215844
"575",2071-05-01,1.19257073192042,0.30944468766083,2.07569677618001
"576",2071-06-01,1.22201966345331,0.338582346619132,2.1054569802875
"577",2071-07-01,1.24338129999406,0.359514402680023,2.1272481973081
"578",2071-08-01,1.24769021915063,0.363512437362115,2.13186800093914
"579",2071-09-01,1.24354338667928,0.359054913922773,2.1280318594358
"580",2071-10-01,1.27234960537074,0.387550634791807,2.15714857594966
"581",2071-11-01,1.20890622413195,0.323796948516425,2.09401549974748
"582",2071-12-01,1.18476453342806,0.299345145203091,2.07018392165302
"583",2072-01-01,1.16323182681718,0.277502518052402,2.04896113558196
"584",2072-02-01,1.18214831176445,0.296109274173038,2.06818734935585
"585",2072-03-01,1.14639062982799,0.260042054767804,2.03273920488817
"586",2072-04-01,1.17661257521711,0.289954653691764,2.06327049674246
"587",2072-05-01,1.19274203023415,0.305774952894096,2.0797091075742
"588",2072-06-01,1.20883172060001,0.32155567774367,2.09610776345636
"589",2072-07-01,1.22309178640774,0.335506967982531,2.11067660483296
"590",2072-08-01,1.24440524482012,0.356511840423571,2.13229864921668
"591",2072-09-01,1.21519751044181,0.326995709322612,2.103399311561
"592",2072-10-01,1.20331517143558,0.314805162494685,2.09182518037648
"593",2072-11-01,1.15635633245262,0.26753830424426,2.04517436066097
"594",2072-12-01,1.13312380574872,0.243997946481511,2.02224966501593
"595",2073-01-01,1.1688218121611,0.279388309699068,2.05825531462313
"596",2073-02-01,1.18594545913162,0.29620450099526,2.07568641726798
"597",2073-03-01,1.17969671296261,0.289648486329928,2.06974493959528
"598",2073-04-01,1.21169102418894,0.321335715896509,2.10204633248137
"599",2073-05-01,1.20072774248504,0.310065539029016,2.09138994594107
"600",2073-06-01,1.242189689223,0.351220776760165,2.13315860168584
"601",2073-07-01,1.25408250754236,0.362807071891145,2.14535794319358
"602",2073-08-01,1.30463528616404,0.413053512805563,2.19621705952253
"603",2073-09-01,1.26409303918108,0.372205113260137,2.15598096510202
"604",2073-10-01,1.25931040880276,0.367116515128882,2.15150430247664
"605",2073-11-01,1.23950634356398,0.347006666612402,2.13200602051556
"606",2073-12-01,1.21410241076706,0.321297134679751,2.10690768685436
"607",2074-01-01,1.23699351025337,0.343962247150535,2.1300247733562
"608",2074-02-01,1.2238435322408,0.330507037290368,2.11718002719123
"609",2074-03-01,1.20183028675096,0.308188743101078,2.09547183040084
"610",2074-04-01,1.22144707810203,0.32750066857156,2.1153934876325
"611",2074-05-01,1.20597545249856,0.311724359578056,2.10022654541905
"612",2074-06-01,1.22814906321326,0.333593469065975,2.12270465736055
"613",2074-07-01,1.26202015722342,0.367160243686243,2.1568800707606
"614",2074-08-01,1.2483215539154,0.353157502499856,2.14348560533095
"615",2074-09-01,1.25134383794829,0.355875829841502,2.14681184605508
"616",2074-10-01,1.24785462125391,0.352082837319565,2.14362640518825
"617",2074-11-01,1.22461491549134,0.328539536270658,2.12069029471202
"618",2074-12-01,1.16056595011514,0.264187155827813,2.05694474440246
"619",2075-01-01,1.21096800603439,0.314285976579552,2.10765003548923
"620",2075-02-01,1.20070550059001,0.303720415547172,2.09769058563284
"621",2075-03-01,1.18679251998653,0.289504558616547,2.08408048135651
"622",2075-04-01,1.22907722181487,0.331486563060856,2.12666788056889
"623",2075-05-01,1.22060530866594,0.322712131154219,2.11849848617767
"624",2075-06-01,1.25005424019883,0.35185872223987,2.14824975815779
"625",2075-07-01,1.27141587673958,0.372799131808123,2.17003262167104
"626",2075-08-01,1.27572479589615,0.376806066194532,2.17464352559776
"627",2075-09-01,1.27157796342481,0.372357426321491,2.17079850052812
"628",2075-10-01,1.30038418211626,0.40086201466754,2.19990634956497
"629",2075-11-01,1.23694080087748,0.337117179828407,2.13676442192654
"630",2075-12-01,1.21279911017358,0.312674211958872,2.11292400838828
"631",2076-01-01,1.1912664035627,0.290840404307647,2.09169240281776
"632",2076-02-01,1.21018288850997,0.309455964031321,2.11090981298861
"633",2076-03-01,1.17442520657351,0.273397532380409,2.07545288076661
"634",2076-04-01,1.20464715196264,0.303318903257483,2.10597540066779
"635",2076-05-01,1.22077660697967,0.319147958659032,2.1224052553003
"636",2076-06-01,1.23686629734554,0.334937424001037,2.13879517069004
"637",2076-07-01,1.25112636315327,0.348897439072458,2.15335528723408
"638",2076-08-01,1.27243982156565,0.369911020732904,2.17496862239839
"639",2076-09-01,1.24323208718733,0.340403583284721,2.14606059108994
"640",2076-10-01,1.23134974818111,0.328221714589272,2.13447778177294
"641",2076-11-01,1.18439090919814,0.280963518997161,2.08781829939912
"642",2076-12-01,1.16115838249424,0.257431808464509,2.06488495652397
"643",2077-01-01,1.19685638890662,0.2928308035297,2.10088197428355
"644",2077-02-01,1.21398003587714,0.309655611336626,2.11830446041766
"645",2077-03-01,1.20773128970813,0.303108197890504,2.11235438152575
"646",2077-04-01,1.23972560093446,0.334804013429959,2.14464718843897
"647",2077-05-01,1.22876231923057,0.323542407334006,2.13398223112713
"648",2077-06-01,1.27022426596853,0.364706200680176,2.17574233125688
"649",2077-07-01,1.28211708428789,0.376301036314287,2.18793313226148
"650",2077-08-01,1.33266986290957,0.426556002664394,2.23878372315474
"651",2077-09-01,1.2921276159266,0.385716113531479,2.19853911832172
"652",2077-10-01,1.28734498554828,0.380636010833638,2.19405396026293
"653",2077-11-01,1.2675409203095,0.360534642815377,2.17454719780363
"654",2077-12-01,1.24213698751258,0.334833576489471,2.14944039853569
"655",2078-01-01,1.26502808699889,0.357506557015211,2.17254961698257
"656",2078-02-01,1.25187810898632,0.344059783109287,2.15969643486336
"657",2078-03-01,1.22986486349648,0.321749910112858,2.13797981688011
"658",2078-04-01,1.24948165484755,0.341070242057831,2.15789306763728
"659",2078-05-01,1.23401002924408,0.325302324863283,2.14271773362487
"660",2078-06-01,1.25618363995879,0.347179811517282,2.16518746840029
"661",2078-07-01,1.29005473396895,0.380754948713243,2.19935451922465
"662",2078-08-01,1.27635613066093,0.366760555554476,2.18595170576738
"663",2078-09-01,1.27937841469381,0.369487216417813,2.18926961296982
"664",2078-10-01,1.27588919799943,0.365702542953609,2.18607585304525
"665",2078-11-01,1.25264949223686,0.342167546540283,2.16313143793344
"666",2078-12-01,1.18860052686066,0.277823456352497,2.09937759736883
"667",2079-01-01,1.23900258277991,0.32793055302024,2.15007461253959
"668",2079-02-01,1.22874007733553,0.317373253606108,2.14010690106495
"669",2079-03-01,1.21482709673205,0.303165644037105,2.126488549427
"670",2079-04-01,1.2571117985604,0.345155881627379,2.16906771549341
"671",2079-05-01,1.24863988541147,0.33638966869185,2.16089010213108
"672",2079-06-01,1.27808881694436,0.365544464614389,2.19063316927432
"673",2079-07-01,1.2994504534851,0.386492503012529,2.21240840395768
"674",2079-08-01,1.30375937264167,0.390507614088651,2.21701113119469
"675",2079-09-01,1.29961254017033,0.386067136892046,2.21315794344862
"676",2079-10-01,1.32841875886178,0.41457987394124,2.24225764378232
"677",2079-11-01,1.264975377623,0.350843173871797,2.1791075813742
"678",2079-12-01,1.2408336869191,0.326408326878168,2.15525904696003
"679",2080-01-01,1.21930098030823,0.304582626248578,2.13401933436787
"680",2080-02-01,1.23821746525549,0.323206279178976,2.15322865133201
"681",2080-03-01,1.20245978331903,0.287155926959077,2.11776363967899
"682",2080-04-01,1.23268172870816,0.317085363530498,2.14827809388582
"683",2080-05-01,1.24881118372519,0.33292247092862,2.16469989652176
"684",2080-06-01,1.26490087409106,0.348719974608159,2.18108177357396
"685",2080-07-01,1.27916093989879,0.362688014396659,2.19563386540092
"686",2080-08-01,1.30047439831117,0.38370960719216,2.21723918943018
"687",2080-09-01,1.27126666393286,0.354210167335289,2.18832316053042
"688",2080-10-01,1.25938432492663,0.342036282725535,2.17673236712773
"689",2080-11-01,1.21242548594366,0.29478605775148,2.13006491413585
"690",2080-12-01,1.18919295923977,0.271262304407077,2.10712361407245
"691",2081-01-01,1.22489096565215,0.306669243268387,2.14311268803591
"692",2081-02-01,1.24201461262267,0.323501981516837,2.1605272437285
"693",2081-03-01,1.23576586645365,0.316962485195026,2.15456924771228
"694",2081-04-01,1.26776017767999,0.348666204578822,2.18685415078115
"695",2081-05-01,1.25679689597609,0.337412489084329,2.17618130286785
"696",2081-06-01,1.29825884271405,0.378584159826028,2.21793352560207
"697",2081-07-01,1.31015166103341,0.390186859686543,2.23011646238028
"698",2081-08-01,1.36070443965509,0.440449677130587,2.2809592021796
"699",2081-09-01,1.32016219267212,0.399617625995661,2.24070675934859
"700",2081-10-01,1.31537956229381,0.394545348236236,2.23621377635138
"701",2081-11-01,1.29557549705503,0.374451792133053,2.216699201977
"702",2081-12-01,1.2701715642581,0.348758524734982,2.19158460378123
"703",2082-01-01,1.29306266374441,0.371438708421601,2.21468661906723
"704",2082-02-01,1.27991268573185,0.357999707576746,2.20182566388695
"705",2082-03-01,1.25789944024201,0.335697594761586,2.18010128572243
"706",2082-04-01,1.27751623159308,0.355025674043566,2.20000678914259
"707",2082-05-01,1.2620446059896,0.339265491377166,2.18482372060204
"708",2082-06-01,1.28421821670431,0.361150699785718,2.2072857336229
"709",2082-07-01,1.31808931071447,0.394733545997765,2.24144507543118
"710",2082-08-01,1.30439070740645,0.380746849151612,2.22803456566129
"711",2082-09-01,1.30741299143934,0.383481193658949,2.23134478921973
"712",2082-10-01,1.30392377474495,0.379704191204858,2.22814335828505
"713",2082-11-01,1.28068406898239,0.356176853202349,2.20519128476243
"714",2082-12-01,1.21663510360619,0.291840408860544,2.14142979835183
"715",2083-01-01,1.26703715952544,0.34195513884376,2.19211918020711
"716",2083-02-01,1.25677465408105,0.33140546024879,2.18214384791332
"717",2083-03-01,1.24286167347758,0.317205459036705,2.16851788791845
"718",2083-04-01,1.28514637530592,0.359203292555589,2.21108945805625
"719",2083-05-01,1.27667446215699,0.350444663154167,2.20290426115981
"720",2083-06-01,1.30612339368988,0.379607030249992,2.23263975712977
"721",2083-07-01,1.32748503023063,0.40056206605628,2.25440799440497
"722",2083-08-01,1.33179394938719,0.404584723684566,2.25900317508982
"723",2083-09-01,1.32764711691585,0.400151780779571,2.25514245305214
"724",2083-10-01,1.3564533356073,0.428672039892993,2.28423463132162
"725",2083-11-01,1.29300995436852,0.364942849693439,2.22107705904361
"726",2083-12-01,1.26886826366462,0.340515500408281,2.19722102692097
"727",2084-01-01,1.24733555705375,0.31869728535854,2.17597382874896
"728",2084-02-01,1.26625204200101,0.337328411772835,2.19517567222919
"729",2084-03-01,1.23049436006456,0.30128552097343,2.15970319915569
"730",2084-04-01,1.26071630545368,0.331222406934368,2.190210203973
"731",2084-05-01,1.27684576047072,0.347066951723335,2.2066245692181
"732",2084-06-01,1.29293545083659,0.362871880827229,2.22299902084594
"733",2084-07-01,1.30719551664431,0.376847334105657,2.23754369918297
"734",2084-08-01,1.3285089750567,0.3978763284886,2.25914162162479
"735",2084-09-01,1.29930124067838,0.368384278348508,2.23021820300825
"736",2084-10-01,1.28741890167216,0.356217771616572,2.21862003172774
"737",2084-11-01,1.24046006268919,0.308974912712962,2.17194521266541
"738",2084-12-01,1.21722753598529,0.285458513663094,2.14899655830749
"739",2085-01-01,1.25292554239767,0.320872795074381,2.18497828972096
"740",2085-02-01,1.27004918936819,0.337712864159482,2.2023855145769
"741",2085-03-01,1.26380044319918,0.331180686992115,2.19642019940624
"742",2085-04-01,1.29579475442551,0.362891713879146,2.22869779497188
"743",2085-05-01,1.28483147272161,0.351645294267567,2.21801765117566
"744",2085-06-01,1.32629341945958,0.392824249302631,2.25976258961652
"745",2085-07-01,1.33818623777893,0.404434221897618,2.27193825366025
"746",2085-08-01,1.38873901640062,0.454704300547786,2.32277373225345
"747",2085-09-01,1.34819676941765,0.413879499121067,2.28251403971423
"748",2085-10-01,1.34341413903933,0.408814459602251,2.27801381847641
"749",2085-11-01,1.32361007380055,0.388728130302286,2.25849201729881
"750",2085-12-01,1.29820614100363,0.363042078300136,2.23337020370712
"751",2086-01-01,1.32109724048994,0.385728883083202,2.25646559789667
"752",2086-02-01,1.30794726247737,0.372297074909523,2.24359745004522
"753",2086-03-01,1.28593401698753,0.350002143447868,2.2218658905272
"754",2086-04-01,1.3055508083386,0.369337392795339,2.24176422388186
"755",2086-05-01,1.29007918273513,0.353584368935961,2.22657399653429
"756",2086-06-01,1.31225279344983,0.375476724922506,2.24902886197716
"757",2086-07-01,1.34612388745999,0.409066707512849,2.28318106740714
"758",2086-08-01,1.33242528415197,0.395087135874517,2.26976343242943
"759",2086-09-01,1.33544756818486,0.397828594448319,2.2730665419214
"760",2086-10-01,1.33195835149048,0.394058694948347,2.26985800803261
"761",2086-11-01,1.30871864572791,0.370538448816517,2.24689884263931
"762",2086-12-01,1.24466968035171,0.306209085290751,2.18313027541267
"763",2087-01-01,1.29507173627096,0.356330885064064,2.23381258747786
"764",2087-02-01,1.28480923082658,0.345788265261836,2.22383019639132
"765",2087-03-01,1.2708962502231,0.331595311873629,2.21019718857257
"766",2087-04-01,1.31318095205144,0.373600182275911,2.25276172182698
"767",2087-05-01,1.30470903890251,0.364848578845689,2.24456949895934
"768",2087-06-01,1.3341579704354,0.394017961028694,2.27429797984211
"769",2087-07-01,1.35551960697615,0.414979440108487,2.29605977384381
"770",2087-08-01,1.35982852613272,0.419009091140047,2.30064796112539
"771",2087-09-01,1.35568169366138,0.414583130838236,2.29678025648452
"772",2087-10-01,1.38448791235283,0.443110361782529,2.32586546292313
"773",2087-11-01,1.32104453111405,0.379388132669205,2.26270092955889
"774",2087-12-01,1.29690284041015,0.354967733753214,2.23883794706708
"775",2088-01-01,1.27537013379927,0.333156458383054,2.21758380921549
"776",2088-02-01,1.29428661874654,0.351794513814721,2.23677872367836
"777",2088-03-01,1.25852893681008,0.31575854139776,2.2012993322224
"778",2088-04-01,1.28875088219921,0.345702335133396,2.23179942926502
"779",2088-05-01,1.30488033721624,0.3615537771164,2.24820689731608
"780",2088-06-01,1.32097002758211,0.37736559286066,2.26457446230356
"781",2088-07-01,1.33523009338984,0.391347922252674,2.279112264527
"782",2088-08-01,1.35654355180222,0.412383782249219,2.30070332135522
"783",2088-09-01,1.3273358174239,0.382898587249447,2.27177304759836
"784",2088-10-01,1.31545347841768,0.370738925211155,2.2601680316242
"785",2088-11-01,1.26849463943471,0.323502900581023,2.2134863782884
"786",2088-12-01,1.24526211273081,0.299993325410887,2.19053090005074
"787",2089-01-01,1.28096011914319,0.335414420334481,2.22650581795191
"788",2089-02-01,1.29808376611371,0.352261292590696,2.24390623963673
"789",2089-03-01,1.2918350199447,0.345735908279386,2.23793413161001
"790",2089-04-01,1.32382933117103,0.377453717733465,2.2702049446086
"791",2089-05-01,1.31286604946714,0.366214070425875,2.2595180285084
"792",2089-06-01,1.3543279962051,0.407399787527732,2.30125620488247
"793",2089-07-01,1.36622081452446,0.419016511978087,2.31342511707083
"794",2089-08-01,1.41677359314614,0.469293332297876,2.3642538539944
"795",2089-09-01,1.37623134616317,0.428475262380621,2.32398742994572
"796",2089-10-01,1.37144871578486,0.423416944236613,2.3194804873331
"797",2089-11-01,1.35164465054607,0.403337326202208,2.29995197488994
"798",2089-12-01,1.32624071774915,0.377657975381691,2.27482346011661
"799",2090-01-01,1.34913181723546,0.400350888264334,2.29791274620659
"800",2090-02-01,1.3359818392229,0.386925761180043,2.28503791726575
"801",2090-03-01,1.31396859373306,0.364637500799281,2.26329968666683
"802",2090-04-01,1.33358538508413,0.383979411244118,2.28319135892413
"803",2090-05-01,1.31811375948065,0.36823303852346,2.26799448043784
"804",2090-06-01,1.34028737019536,0.390132035714873,2.29044270467584
"805",2090-07-01,1.37415846420552,0.423728649600941,2.32458827881009
"806",2090-08-01,1.3604598608975,0.409755699373814,2.31116402242118
"807",2090-09-01,1.36348214493039,0.412503769498835,2.31446052036194
"808",2090-10-01,1.359992928236,0.408740471714549,2.31124538475745
"809",2090-11-01,1.33675322247343,0.385226817487238,2.28827962745963
"810",2090-12-01,1.27270425709723,0.320904036079106,2.22450447811536
"811",2091-01-01,1.32310631301648,0.371032408207366,2.2751802178256
"812",2091-02-01,1.3128438075721,0.360496351021513,2.26519126412269
"813",2091-03-01,1.29893082696862,0.346309950535138,2.25155170340211
"814",2091-04-01,1.34121552879697,0.388321364148659,2.29410969344528
"815",2091-05-01,1.33274361564804,0.379576294262947,2.28591093703313
"816",2091-06-01,1.36219254718093,0.408752200347517,2.31563289401434
"817",2091-07-01,1.38355418372167,0.429719633236746,2.3373887342066
"818",2091-08-01,1.38786310287824,0.433755788955003,2.34197041680148
"819",2091-09-01,1.3837162704069,0.429336323767804,2.338096217046
"820",2091-10-01,1.41252248909835,0.457870040278081,2.36717493791862
"821",2091-11-01,1.34907910785957,0.394154287205492,2.30400392851365
"822",2091-12-01,1.32493741715567,0.369740354828283,2.28013447948306
"823",2092-01-01,1.3034047105448,0.347935536518169,2.25887388457143
"824",2092-02-01,1.32232119549206,0.366580039554287,2.27806235142984
"825",2092-03-01,1.28656351355561,0.33055050530924,2.24257652180197
"826",2092-04-01,1.31678545894473,0.360500727807234,2.27307019008223
"827",2092-05-01,1.33291491396176,0.376358589165941,2.28947123875759
"828",2092-06-01,1.34900460432763,0.392176814922075,2.30583239373319
"829",2092-07-01,1.36326467013536,0.40616554498488,2.32036379528584
"830",2092-08-01,1.38457812854774,0.427207796333804,2.34194846076168
"831",2092-09-01,1.35537039416943,0.397728983390588,2.31301180494826
"832",2092-10-01,1.3434880551632,0.385575694135549,2.30140041619086
"833",2092-11-01,1.29652921618024,0.338346033037804,2.25471239932267
"834",2092-12-01,1.27329668947634,0.314842812171552,2.23175056678112
"835",2093-01-01,1.30899469588872,0.350270252192818,2.26771913958462
"836",2093-02-01,1.32611834285924,0.367123460362703,2.28511322535577
"837",2093-03-01,1.31986959669022,0.3606044028032,2.27913479057725
"838",2093-04-01,1.35186390791656,0.392328529869285,2.31139928596383
"839",2093-05-01,1.34090062621266,0.381095191055891,2.30070606136943
"840",2093-06-01,1.38236257295062,0.422287207556046,2.3424379383452
"841",2093-07-01,1.39425539126998,0.433910222330643,2.35460056020932
"842",2093-08-01,1.44480816989166,0.484193323922387,2.40542301586094
"843",2093-09-01,1.4042659229087,0.443381526246493,2.3651503195709
"844",2093-10-01,1.39948329253038,0.438329471334874,2.36063711372588
"845",2093-11-01,1.3796792272916,0.418256107545437,2.34110234703776
"846",2093-12-01,1.35427529449468,0.392583002003943,2.31596758698541
"847",2094-01-01,1.37716639398098,0.415281568101819,2.33905121986015
"848",2094-02-01,1.36401641596842,0.401862668428807,2.32617016350803
"849",2094-03-01,1.34200317047858,0.379580626557383,2.30442571439978
"850",2094-04-01,1.36161996182965,0.398928746630806,2.32431117702849
"851",2094-05-01,1.34614833622617,0.383188574679107,2.30910809777324
"852",2094-06-01,1.36832194694088,0.405093763800901,2.33155013008086
"853",2094-07-01,1.40219304095104,0.438696560799755,2.36568952110233
"854",2094-08-01,1.38849443764302,0.424729784888727,2.35225909039731
"855",2094-09-01,1.39151672167591,0.427484020554007,2.35554942279781
"856",2094-10-01,1.38802750498152,0.42372687955491,2.35232813040814
"857",2094-11-01,1.36478779921896,0.400219373378422,2.3293562250595
"858",2094-12-01,1.30073883384276,0.335902731307385,2.26557493637813
"859",2095-01-01,1.35114088976201,0.386037234079577,2.31624454544444
"860",2095-02-01,1.34087838431762,0.375507298864994,2.30624946977025
"861",2095-03-01,1.32696540371415,0.36132701169766,2.29260379573064
"862",2095-04-01,1.36925010554249,0.403344529998356,2.33515568108663
"863",2095-05-01,1.36077819239356,0.394605556188253,2.32695082859887
"864",2095-06-01,1.39022712392645,0.423787549757094,2.35666669809581
"865",2095-07-01,1.4115887604672,0.444760501576087,2.37841701935831
"866",2095-08-01,1.41589767962377,0.44880272765637,2.38299263159116
"867",2095-09-01,1.41175084715243,0.444389324300154,2.3791123700047
"868",2095-10-01,1.44055706584388,0.472929094130339,2.40818503755741
"869",2095-11-01,1.37711368460509,0.409219385886484,2.3450079833237
"870",2095-12-01,1.3529719939012,0.384811489866671,2.32113249793572
"871",2096-01-01,1.33143928729032,0.363012699462388,2.29986587511825
"872",2096-02-01,1.35035577223759,0.381663221972476,2.3190483225027
"873",2096-03-01,1.31459809030113,0.345639698789182,2.28355648181308
"874",2096-04-01,1.34482003569025,0.37559592395629,2.31404414742422
"875",2096-05-01,1.36094949070729,0.391459779610988,2.33043920180359
"876",2096-06-01,1.37703918107316,0.40728399130944,2.34679437083687
"877",2096-07-01,1.39129924688089,0.421278698980278,2.36131979478149
"878",2096-08-01,1.41261270529327,0.442326919622276,2.38289849096426
"879",2096-09-01,1.38340497091495,0.412854067676436,2.35395587415346
"880",2096-10-01,1.37152263190873,0.400706731142276,2.34233853267518
"881",2096-11-01,1.32456379292576,0.353483014508051,2.29564457134347
"882",2096-12-01,1.30133126622186,0.329985729867036,2.27267680257668
"883",2097-01-01,1.33702927263424,0.365419097894269,2.30863944737421
"884",2097-02-01,1.35415291960476,0.382278225869805,2.32602761333972
"885",2097-03-01,1.34790417343575,0.375765079934529,2.32004326693697
"886",2097-04-01,1.37989848466208,0.407495110462246,2.35230185886192
"887",2097-05-01,1.36893520295818,0.396267666966661,2.34160273894971
"888",2097-06-01,1.41039714969615,0.437465570659512,2.38332872873278
"889",2097-07-01,1.4222899680155,0.44909446452034,2.39548547151067
"890",2097-08-01,1.47284274663719,0.499383437110442,2.44630205616393
"891",2097-09-01,1.43230049965422,0.458577502363562,2.40602349694488
"892",2097-10-01,1.4275178692759,0.453531302330082,2.40150443622172
"893",2097-11-01,1.40771380403712,0.433463785386324,2.38196382268792
"894",2097-12-01,1.3823098712402,0.4077965186764,2.356823223804
"895",2098-01-01,1.40520097072651,0.430500332400195,2.37990160905282
"896",2098-02-01,1.39205099271394,0.417087255585358,2.36701472984253
"897",2098-03-01,1.3700377472241,0.394811028612708,2.3452644658355
"898",2098-04-01,1.38965453857517,0.414164955643624,2.36514412150672
"899",2098-05-01,1.3741829129717,0.398430582726196,2.3499352432172
"900",2098-06-01,1.3963565236864,0.420341562977046,2.37237148439576
"901",2098-07-01,1.43022761769657,0.453950143217686,2.40650509217544
"902",2098-08-01,1.41652901438854,0.439989142679067,2.39306888609802
"903",2098-09-01,1.41955129842143,0.44274914586521,2.39635345097766
"904",2098-10-01,1.41606208172705,0.438997764553207,2.39312639890089
"905",2098-11-01,1.39282237596448,0.415496010247766,2.3701487416812
"906",2098-12-01,1.32877341058828,0.351185112249391,2.30636170892717
"907",2099-01-01,1.37917546650753,0.401325351313471,2.35702558170159
"908",2099-02-01,1.36891296106315,0.390801144627554,2.34702477749874
"909",2099-03-01,1.35499998045967,0.376626578243162,2.33337338267618
"910",2099-04-01,1.39728468228802,0.418649809598517,2.37591955497751
"911",2099-05-01,1.38881276913909,0.409916541132177,2.36770899714599
"912",2099-06-01,1.41826170067197,0.439104232351221,2.39741916899273
"913",2099-07-01,1.43962333721272,0.460082314655037,2.41916435977041
"914",2099-08-01,1.44393225636929,0.464130223050178,2.4237342896884
"915",2099-09-01,1.43978542389795,0.459722494366931,2.41984835342897
"916",2099-10-01,1.4685916425894,0.488267931245311,2.44891535393349
"917",2099-11-01,1.40514826135062,0.42456388244194,2.3857326402593
"918",2099-12-01,1.38100657064672,0.400161638271908,2.36185150302153
"919",2100-01-01,1.35947386403584,0.378368492143659,2.34057923592803
"920",2100-02-01,1.37839034898311,0.397024651372937,2.35975604659328
"921",2100-03-01,1.34263266704665,0.361006757368839,2.32425857672447
"922",2100-04-01,1.37285461243578,0.390968604191948,2.35474062067961
"923",2100-05-01,1.38898406745281,0.406838073996194,2.37113006090943
"924",2100-06-01,1.40507375781868,0.422667892354435,2.38747962328292
"925",2100-07-01,1.41933382362641,0.436668199211946,2.40199944804087
"926",2100-08-01,1.44064728203879,0.457722011584087,2.42357255249349
"927",2100-09-01,1.41143954766047,0.428254743928402,2.39462435139255
"928",2100-10-01,1.39955720865425,0.416112984260892,2.38300143304761
"929",2100-11-01,1.35259836967128,0.368894837086248,2.33630190225632
"930",2100-12-01,1.32936584296738,0.34540311451413,2.31332857142064
